neighbour IDP?;neighbour code;neighbour in CSN;neighbour in SIGNOR;neighbour in ReactomeFI;neighbour disorder content;neighbour preclinical target;neighbour MCG target;target code;target in CSN;target in SIGNOR;target in ReactomeFI;target of small molecule;target of antibody;targetneighbour;target disorder content;both in CSN;both in SIGNOR;both in ReactomeFI;both in all 3;in triangle - CSN;in  triangle - SIGNOR;in  triangle - ReactomeFI;not in any triangle;no. of triangles - CSN;no. of triangles - SIGNOR;no. of triangles - ReactomeFI;no. of in cycle - CSN;no. of in  cycle - SIGNOR;no. of in  cycle - ReactomeFI;no. of in unbalanced triangle - CSN;no. of in  unbalanced triangle - SIGNOR;no. of in  unbalanced triangle - ReactomeFI;neighbour – target inhibition - CSN;target – neighbour stimulation - CSN;neighbour – target stimulation - CSN;target – neighbour inhibition - CSN;neighbour – target inhibition - SIGNOR;target – neighbour stimulation - SIGNOR;neighbour – target stimulation - SIGNOR;target – neighbour inhibition - SIGNOR;neighbour – target inhibition - ReactomeFI;target – neighbour stimulation - ReactomeFI;neighbour – target stimulation - ReactomeFI;target – neighbour inhibition - ReactomeFI;neighbour third partner - CSN;target third partner - CSN;neighbour third partner - SIGNOR;target third partner - SIGNOR;neighbour third partner - ReactomeFI;target third partner - ReactomeFI;neighbour bridgeness - CSN;neighbour betweenness - CSN;target bridgeness - CSN;target betweenness - CSN;neighbour bridgeness - SIGNOR;neighbour betweenness - SIGNOR;target bridgeness - SIGNOR;target betweenness - SIGNOR;neighbour bridgeness - ReactomeFI;neighbour betweenness - ReactomeFI;target bridgeness - ReactomeFI;target betweenness - ReactomeFI;prognostic;predisposing;diagnostic;predictive;predictive biomarker for target?
0;320;0;1;0;0;0;0;22;1;1;1;1;0;0;0;0;1;0;0;0;1;0;0;0;6;0;0;0;0;0;1;0;0;0;0;0;0;1;0;0;0;0;0;0;0;0;1;0;0;0;0;0;0.300277;6504.604944;0.075911;5572.768168;24.845034;307930.868;0;0;1.719448;104769.6459;1;0;1;1;1
0;56;0;1;0;0;0;1;22;1;1;1;1;0;0;0;0;1;0;0;0;1;0;0;0;6;0;0;3;0;0;4;1;0;0;0;0;0;0;0;1;0;0;0;0;0;0;1;0;0;0;0;0;0.300277;6504.604944;2.846163;6183.362211;24.845034;307930.868;0;0;1.719448;104769.6459;1;1;1;1;1
0;330;0;1;0;0;0;0;13;1;1;1;1;0;0;0;0;1;0;0;0;1;0;0;0;2;0;0;0;2;0;0;0;0;0;0;0;0;1;0;0;0;0;0;0;0;0;1;1;0;0;0;0;0.001371;7745.244079;3.372423;1093.283332;0.668514;195725.6435;0;0;0.942425;284291.8298;1;1;1;1;1
0;313;1;1;1;0;0;0;8;1;1;1;1;0;0;0;1;1;1;1;0;0;1;0;0;0;9;0;0;2;0;0;0;0;0;0;0;0;0;0;0;0;1;0;0;0;0;0;0;1;0;0.001298;13838.37657;0.000461;1190;86.282306;147576.106;4.913811;4164.090012;21.209909;918468.8194;0.055864;51200.13042;1;1;1;1;1
0;388;1;0;0;0;0;0;22;1;1;1;1;0;0;0;1;0;0;0;0;0;0;1;0;0;0;0;0;0;0;0;0;0;1;0;0;0;0;0;0;0;0;0;0;0;0;0;0;0;0;1.706151;1445.424072;0.300277;6504.604944;0;0;24.845034;307930.868;0;0;1.719448;104769.6459;1;0;0;0;0
0;383;0;1;0;0;0;0;13;1;1;1;1;0;0;0;0;1;0;0;0;0;0;1;0;0;0;0;0;0;0;0;0;0;0;0;0;0;1;0;0;0;0;0;0;0;0;0;0;0;0;0;0;0.001371;7745.244079;0.01359;5085.146067;0.668514;195725.6435;0;0;0.942425;284291.8298;1;1;1;1;0
0;341;0;1;0;0;0;0;13;1;1;1;1;0;0;0;0;1;0;0;0;1;0;0;0;2;0;0;0;0;0;2;0;0;0;0;0;0;1;0;0;0;0;0;0;0;0;0;0;0;0;0;0;0.001371;7745.244079;6.644966;11794.76001;0.668514;195725.6435;0;0;0.942425;284291.8298;0;0;0;0;0
0;264;0;1;0;0;1;0;13;1;1;1;1;0;0;0;0;1;0;0;0;0;0;1;0;0;0;0;0;0;0;0;0;0;0;0;0;0;0;0;1;0;0;0;0;0;0;0;0;0;0;0;0;0.001371;7745.244079;0.767858;763.634222;0.668514;195725.6435;0;0;0.942425;284291.8298;1;0;1;1;0
0;323;0;1;0;0;0;0;13;1;1;1;1;0;0;0;0;1;0;0;0;0;0;1;0;0;0;0;0;0;0;0;0;0;0;0;0;0;0;0;1;0;0;0;0;0;0;0;0;0;0;0;0;0.001371;7745.244079;0.000005;0;0.668514;195725.6435;0;0;0.942425;284291.8298;1;0;0;0;0
0;381;0;1;0;0;0;0;13;1;1;1;1;0;0;0;0;1;0;0;0;0;0;1;0;0;0;0;0;0;0;0;0;0;0;0;0;0;1;0;0;0;0;0;0;0;0;0;0;0;0;0;0;0.001371;7745.244079;0.000005;0;0.668514;195725.6435;0;0;0.942425;284291.8298;1;0;0;1;0
0;398;0;1;0;0;0;0;13;1;1;1;1;0;0;0;0;1;0;0;0;0;0;1;0;0;0;0;0;0;0;0;0;0;0;0;0;0;1;0;0;0;0;0;0;0;0;0;0;0;0;0;0;0.001371;7745.244079;2.07965;678.664195;0.668514;195725.6435;0;0;0.942425;284291.8298;0;0;0;0;0
0;363;0;1;0;0;0;0;13;1;1;1;1;0;0;0;0;1;0;0;0;0;0;1;0;0;0;0;0;1;0;0;0;0;0;0;0;0;1;0;0;0;0;0;0;0;0;0;0;0;0;0;0;0.001371;7745.244079;6.342874;4634.737736;0.668514;195725.6435;0;0;0.942425;284291.8298;1;1;1;0;0
0;326;0;0;1;0;0;0;1;0;1;1;1;0;0;0;0;0;1;0;0;0;1;0;0;0;1;0;0;0;0;0;0;0;0;0;0;0;0;0;0;0;1;0;0;0;0;0;0;1;1;0;0;0;0;0;0;4.027468;416.222215;0;0.29326;0.063186;44571.73732;0;0;0;0;0
0;281;0;0;1;0;0;0;1;0;1;1;1;0;0;0;0;0;1;0;0;0;0;1;0;0;0;0;0;0;0;0;0;0;0;0;0;0;0;0;0;0;1;0;0;0;0;0;0;0;0;0;0;0;0;0;0;4.027468;416.222215;0.008375;3937.167161;0.063186;44571.73732;0;0;0;0;0
0;329;0;0;1;0;0;0;1;0;1;1;1;0;0;0;0;0;1;0;0;0;0;1;0;0;0;0;0;0;0;0;0;0;0;0;0;0;0;0;0;0;1;0;0;0;0;0;0;0;0;0;0;0;0;0;0;4.027468;416.222215;0.003981;813.753239;0.063186;44571.73732;1;0;0;0;0
0;360;0;0;1;0;0;0;1;0;1;1;1;0;0;0;0;0;1;0;0;0;0;1;0;0;0;0;0;0;0;0;0;0;0;0;0;0;0;0;0;0;1;0;0;0;0;0;0;0;0;0;0;0;0;0;0;4.027468;416.222215;0.003981;813.753239;0.063186;44571.73732;0;0;0;0;0
0;332;0;0;1;0;0;0;1;0;1;1;1;0;0;0;0;0;1;0;0;0;0;1;0;0;0;0;0;0;0;0;0;0;0;0;0;0;0;0;0;0;1;0;0;0;0;0;0;0;0;0;0;0;0;0;0;4.027468;416.222215;0.003981;813.753239;0.063186;44571.73732;1;0;0;0;0
0;400;0;0;1;0;0;0;1;0;1;1;1;0;0;0;0;0;1;0;0;0;0;1;0;0;0;0;0;0;0;0;0;0;0;0;0;0;0;0;0;0;1;0;0;0;0;0;0;0;0;0;0;0;0;0;0;4.027468;416.222215;0.003981;813.753239;0.063186;44571.73732;0;0;0;0;0
0;356;0;0;1;0;1;0;13;1;1;1;1;0;0;0;0;0;1;0;0;0;1;0;0;0;15;0;0;1;0;0;2;0;0;0;0;0;0;0;0;0;1;1;0;0;0;0;0;1;1;0;0;0.001371;7745.244079;0;0;0.668514;195725.6435;0.132282;65820.94512;0.942425;284291.8298;1;0;0;0;0
0;357;0;0;1;0;1;0;13;1;1;1;1;0;0;0;0;0;1;0;0;0;1;0;0;0;13;0;0;1;0;0;0;0;0;0;0;0;0;0;0;0;1;1;0;0;0;0;0;1;1;0;0;0.001371;7745.244079;0;0;0.668514;195725.6435;0.134165;64696.73482;0.942425;284291.8298;1;0;0;0;0
0;370;0;0;1;0;0;0;8;1;1;1;1;0;0;0;0;0;1;0;0;0;1;0;0;0;5;0;0;1;0;0;0;0;0;0;0;0;0;0;0;0;0;1;1;0;0;0;0;1;0;0;0;0.000461;1190;0;0;4.913811;4164.090012;0.000993;142.449074;0.055864;51200.13042;1;0;0;0;0
0;311;0;0;1;0;1;0;1;0;1;1;1;0;0;0;0;0;1;0;0;0;1;0;0;0;2;0;0;2;0;0;0;0;0;0;0;0;0;0;0;0;1;0;0;0;0;0;0;1;1;0;0;0;0;0;0;4.027468;416.222215;0;223.91645;0.063186;44571.73732;1;1;0;1;0
0;403;0;0;1;0;0;0;1;0;1;1;1;0;0;0;0;0;1;0;0;0;1;0;0;0;2;0;0;2;0;0;0;0;0;0;0;0;0;0;0;0;1;0;0;0;0;0;0;1;1;0;0;0;0;0;0;4.027468;416.222215;0;223.91645;0.063186;44571.73732;0;0;0;0;0
0;375;0;0;1;0;0;0;8;1;1;1;1;0;0;0;0;0;1;0;0;0;0;1;0;0;0;0;0;0;0;0;0;0;0;0;0;0;0;0;0;0;0;1;1;0;0;0;0;0;0;0;0;0.000461;1190;0;0;4.913811;4164.090012;0.000674;59.466961;0.055864;51200.13042;1;0;0;1;0
0;371;0;0;1;0;0;0;8;1;1;1;1;0;0;0;0;0;1;0;0;0;1;0;0;0;2;0;0;1;0;0;0;0;0;0;0;0;0;0;0;0;0;1;1;0;0;0;0;1;0;0;0;0.000461;1190;0;0;4.913811;4164.090012;0.022946;14983.2105;0.055864;51200.13042;1;0;0;1;0
0;372;0;0;1;0;0;0;13;1;1;1;1;0;0;0;0;0;1;0;0;0;1;0;0;0;37;0;0;0;0;0;2;0;0;0;0;0;0;0;0;0;1;0;0;0;0;0;0;1;1;0;0;0.001371;7745.244079;0;0;0.668514;195725.6435;0.011143;44929.76032;0.942425;284291.8298;0;0;0;0;0
0;372;0;0;1;0;0;0;1;0;1;1;1;0;0;0;0;0;1;0;0;0;1;0;0;0;33;0;0;2;0;0;0;0;0;0;0;0;0;0;0;0;1;1;0;0;0;0;0;1;1;0;0;0;0;0;0;4.027468;416.222215;0.011143;44929.76032;0.063186;44571.73732;0;0;0;0;0
0;273;0;0;1;0;1;0;8;1;1;1;1;0;0;0;0;0;1;0;0;0;1;0;0;0;14;0;0;0;0;0;1;0;0;0;0;0;0;0;0;0;1;0;0;0;0;0;0;1;0;0;0;0.000461;1190;0;0;4.913811;4164.090012;0.000183;77.122794;0.055864;51200.13042;1;0;1;0;0
0;333;0;0;1;0;0;0;1;0;1;1;1;0;0;0;0;0;1;0;0;0;0;1;0;0;0;0;0;0;0;0;0;0;0;0;0;0;0;0;0;0;1;0;0;0;0;0;0;0;0;0;0;0;0;0;0;4.027468;416.222215;0.003981;813.753239;0.063186;44571.73732;1;0;1;0;0
0;286;0;0;1;0;0;0;13;1;1;1;1;0;0;0;0;0;1;0;0;0;1;0;0;0;32;0;0;1;0;0;1;0;0;0;0;0;0;0;0;1;1;0;0;0;0;0;0;1;1;0;0;0.001371;7745.244079;0;0;0.668514;195725.6435;0.658484;62417.2962;0.942425;284291.8298;1;0;0;0;0
0;300;0;0;1;0;0;0;13;1;1;1;1;0;0;0;0;0;1;0;0;0;1;0;0;0;21;0;0;3;0;0;1;0;0;0;0;0;0;0;0;1;1;0;0;0;0;0;0;1;0;0;0;0.001371;7745.244079;0;0;0.668514;195725.6435;0.011525;9405.78165;0.942425;284291.8298;0;0;0;0;0
0;359;0;0;1;0;0;0;13;1;1;1;1;0;0;0;0;0;1;0;0;0;1;0;0;0;3;0;0;0;0;0;0;0;0;0;0;0;0;0;0;0;1;0;0;0;0;0;0;1;0;0;0;0.001371;7745.244079;0;0;0.668514;195725.6435;0.000001;98.765211;0.942425;284291.8298;0;0;0;0;0
0;391;0;0;1;0;0;0;8;1;1;1;1;0;0;0;0;0;1;0;0;0;1;0;0;0;7;0;0;0;0;0;0;0;0;0;0;0;0;0;0;0;0;1;1;0;0;0;0;1;0;0;0;0.000461;1190;0;0;4.913811;4164.090012;0.003706;1099.718127;0.055864;51200.13042;1;0;0;0;0
0;272;0;0;1;0;0;0;8;1;1;1;1;0;0;0;0;0;1;0;0;0;1;0;0;0;2;0;0;0;0;0;0;0;0;0;0;0;0;0;0;0;0;1;1;0;0;0;0;0;0;0;0;0.000461;1190;0;0;4.913811;4164.090012;0.000272;426.924806;0.055864;51200.13042;1;1;1;0;0
0;396;0;0;1;0;0;0;8;1;1;1;1;0;0;0;0;0;1;0;0;0;1;0;0;0;2;0;0;0;0;0;0;0;0;0;0;0;0;0;0;0;0;1;1;0;0;0;0;1;0;0;0;0.000461;1190;0;0;4.913811;4164.090012;0.001769;984.840844;0.055864;51200.13042;1;0;0;0;0
0;362;0;0;1;0;0;0;8;1;1;1;1;0;0;0;0;0;1;0;0;0;1;0;0;0;14;0;0;0;0;0;1;0;0;0;0;0;0;0;0;0;0;1;1;0;0;0;0;1;0;0;0;0.000461;1190;0;0;4.913811;4164.090012;0.046004;9359.460531;0.055864;51200.13042;0;1;1;0;0
0;325;0;0;1;0;0;0;8;1;1;1;1;0;0;0;0;0;1;0;0;0;0;1;0;0;0;0;0;0;0;0;0;0;0;0;0;0;0;0;0;0;0;1;1;0;0;0;0;0;0;0;0;0.000461;1190;0;0;4.913811;4164.090012;0.000112;278.181635;0.055864;51200.13042;1;0;1;0;0
0;354;0;0;1;0;1;0;1;0;1;1;1;0;0;0;0;0;1;0;0;0;1;0;0;0;11;0;0;0;0;0;0;0;0;0;0;0;0;0;0;0;1;0;0;0;0;0;0;1;1;0;0;0;0;0;0;4.027468;416.222215;0.000229;6924.996678;0.063186;44571.73732;1;1;0;1;0
0;274;0;0;1;0;0;0;1;0;1;1;1;0;0;0;0;0;1;0;0;0;1;0;0;0;16;0;0;1;0;0;0;0;0;0;0;0;0;0;0;0;1;0;0;0;0;0;0;1;1;0;0;0;0;0;0;4.027468;416.222215;0.00153;7635.628604;0.063186;44571.73732;1;0;0;0;0
0;376;0;0;1;0;0;0;8;1;1;1;1;0;0;0;0;0;1;0;0;0;0;1;0;0;0;0;0;0;0;0;0;0;0;0;0;0;0;0;0;0;0;1;1;0;0;0;0;0;0;0;0;0.000461;1190;0;0;4.913811;4164.090012;0;0.291116;0.055864;51200.13042;0;0;0;0;0
0;361;0;0;1;0;0;0;1;0;1;1;1;0;0;0;0;0;1;0;0;0;0;1;0;0;0;0;0;0;0;0;0;0;0;0;0;0;0;0;0;0;1;0;0;0;0;0;0;0;0;0;0;0;0;0;0;4.027468;416.222215;0;0.194405;0.063186;44571.73732;1;0;0;0;0
0;271;0;0;1;0;0;0;8;1;1;1;1;0;0;0;0;0;1;0;0;0;1;0;0;0;22;0;0;1;0;0;2;0;0;0;0;0;0;0;0;0;0;1;1;0;0;0;0;1;0;0;0;0.000461;1190;0;0;4.913811;4164.090012;0.023282;8250.955752;0.055864;51200.13042;1;0;1;0;0
0;392;0;0;1;0;0;0;8;1;1;1;1;0;0;0;0;0;1;0;0;0;1;0;0;0;23;0;0;1;0;0;1;0;0;0;0;0;0;0;0;0;0;1;1;0;0;0;0;1;0;0;0;0.000461;1190;0;0;4.913811;4164.090012;0.023292;8576.864594;0.055864;51200.13042;1;0;1;0;0
0;397;0;0;1;0;0;0;8;1;1;1;1;0;0;0;0;0;1;0;0;0;1;0;0;0;4;0;0;1;0;0;0;0;0;0;0;0;0;0;0;0;0;0;1;0;0;0;0;1;0;0;0;0.000461;1190;0;0;4.913811;4164.090012;0.022733;8403.703378;0.055864;51200.13042;1;1;0;0;0
0;385;0;0;1;0;0;0;8;1;1;1;1;0;0;0;0;0;1;0;0;0;1;0;0;0;5;0;0;0;0;0;0;0;0;0;0;0;0;0;0;0;0;1;1;0;0;0;0;1;0;0;0;0.000461;1190;0;0;4.913811;4164.090012;0.07206;10449.21203;0.055864;51200.13042;0;0;0;0;0
0;379;1;0;0;0;0;0;22;1;1;1;1;0;0;0;1;0;0;0;0;0;0;1;0;0;0;0;0;0;0;0;0;0;1;0;0;0;0;0;0;0;0;0;0;0;0;0;0;0;0;0.64697;8189.330232;0.300277;6504.604944;0;0;24.845034;307930.868;0;0;1.719448;104769.6459;1;1;1;1;1
1;23;1;1;1;0.0107;0;1;22;1;1;1;1;0;0;0;1;1;1;1;0;1;0;0;0;12;0;0;4;0;0;3;0;0;0;0;0;0;1;0;0;0;0;0;0;0;0;1;1;0;0;0.032605;20023.93887;0.300277;6504.604944;5.147888;278911.0165;24.845034;307930.868;0.213382;391241.0227;1.719448;104769.6459;1;1;1;1;1
1;27;0;1;1;0.0581;0;0;22;1;1;1;1;0;0;0;0;1;1;0;0;0;1;0;0;0;16;0;0;2;0;0;0;0;0;0;0;0;0;0;0;0;1;0;0;0;0;0;0;1;1;0;0;0.300277;6504.604944;0.007034;0.563147;24.845034;307930.868;0.220252;37360.07752;1.719448;104769.6459;1;1;1;1;1
1;178;1;1;1;0.1829;0;0;22;1;1;1;1;0;0;0;1;1;1;1;0;0;0;1;0;0;0;0;0;0;0;0;0;0;0;0;1;0;1;0;1;0;0;0;0;0;0;0;0;0;0;0.000129;100.378172;0.300277;6504.604944;0.050618;16047.45679;24.845034;307930.868;0.013259;74.942958;1.719448;104769.6459;1;1;1;1;1
1;72;1;1;1;0.1567;0;0;22;1;1;1;1;0;0;0;1;1;1;1;0;1;1;0;0;16;28;0;4;5;0;5;1;0;0;0;0;0;0;1;0;0;0;1;0;0;0;1;1;1;1;0.048112;62384.57186;0.300277;6504.604944;4.294762;996999.4336;24.845034;307930.868;2.03794;542579.0695;1.719448;104769.6459;1;1;1;1;1
1;180;1;1;1;0.3948;0;0;62;1;1;1;1;0;1;0.0962;1;1;1;1;1;0;0;0;17;0;0;7;0;0;15;0;0;0;0;1;1;0;0;0;0;0;0;0;0;1;0;0;0;0;0;0.381415;9416.184313;0.217898;24527.1748;9.59049;18514.32779;8.137781;51550.04317;0.05427;42141.15383;0.009968;121479.0753;1;1;1;1;1
1;37;1;1;1;0.2926;0;0;62;1;1;1;1;0;1;0.0962;1;1;1;1;1;1;0;0;9;9;0;1;0;0;3;5;0;1;0;0;0;1;0;0;0;0;0;0;0;1;0;1;0;0;0;2.410452;26300.88135;0.217898;24527.1748;134.672088;401923.7896;8.137781;51550.04317;2.871288;1287261.481;0.009968;121479.0753;1;1;1;1;1
1;26;0;1;1;0.1058;0;0;76;1;1;1;1;0;0;0;0;1;1;0;0;0;1;0;0;0;33;0;0;21;0;0;0;0;0;0;0;0;0;1;0;0;1;1;0;0;0;0;0;1;1;0;0;0.002912;1073.50455;22.049491;50254.39348;0.273997;17983.59937;3.770542;404892.1513;3.155329;37800.27514;1;1;1;1;1
1;101;1;1;1;0.0814;0;0;69;1;1;1;1;0;0;0;1;1;1;1;0;0;1;0;0;0;36;0;0;8;0;0;3;0;0;0;0;0;0;1;0;0;0;1;0;0;0;0;0;1;0;0.048468;393.420513;0.011566;1201.082457;14.957761;4755.872824;110.101313;21050.30164;0.181938;121892.36;0.600493;94610.49431;1;1;1;1;1
1;36;1;1;1;0.2135;0;1;69;1;1;1;1;0;0;0;1;1;1;1;0;0;1;0;0;0;13;0;0;5;0;0;2;0;0;0;0;0;0;0;0;0;0;0;1;0;0;0;0;1;1;0.000141;2817.465142;0.011566;1201.082457;2.023634;35011.37522;110.101313;21050.30164;0.079333;71954.5047;0.600493;94610.49431;1;1;1;1;1
1;25;1;1;1;0.3804;0;0;69;1;1;1;1;0;0;0;1;1;1;1;0;0;1;0;0;0;23;0;0;7;0;0;12;0;0;0;0;0;0;0;0;0;0;1;0;0;0;0;0;1;1;0.000577;64.476284;0.011566;1201.082457;40.056427;105318.1388;110.101313;21050.30164;14.3138;1281551.44;0.600493;94610.49431;1;1;1;1;1
1;43;1;1;1;0.2974;0;0;69;1;1;1;1;0;0;0;1;1;1;1;0;1;0;0;0;1;0;0;0;0;0;0;0;0;0;0;0;0;0;0;1;0;0;0;0;0;0;0;0;0;0;0.723122;11165.38325;0.011566;1201.082457;3.459792;24030.4712;110.101313;21050.30164;0.20511;91969.47113;0.600493;94610.49431;1;1;1;1;1
1;62;1;1;1;0.0962;0;1;167;1;1;1;1;0;0;0;1;1;1;1;0;0;0;1;0;0;0;0;0;0;0;0;0;0;0;0;1;0;0;0;0;0;0;0;0;0;0;0;0;0;0;0.217898;24527.1748;0.006931;2004.771841;8.137781;51550.04317;0.104068;2134.262819;0.009968;121479.0753;0.000953;2143.114683;1;1;1;1;1
1;101;1;1;1;0.0814;0;0;167;1;1;1;1;0;0;0;1;1;1;1;0;0;1;0;0;0;19;0;0;3;0;0;2;0;0;0;0;0;0;0;0;1;0;0;0;0;0;0;0;1;0;0.048468;393.420513;0.006931;2004.771841;14.957761;4755.872824;0.104068;2134.262819;0.181938;121892.36;0.000953;2143.114683;1;1;1;1;1
1;25;1;1;1;0.3804;0;0;167;1;1;1;1;0;0;0;1;1;1;1;0;0;1;0;0;0;8;0;0;3;0;0;1;0;0;0;0;0;0;0;0;0;0;1;0;0;0;0;0;1;0;0.000577;64.476284;0.006931;2004.771841;40.056427;105318.1388;0.104068;2134.262819;14.3138;1281551.44;0.000953;2143.114683;1;1;1;1;1
1;43;1;1;1;0.2974;0;0;167;1;1;1;1;0;0;0;1;1;1;1;1;0;0;0;1;0;0;1;0;0;1;0;0;0;1;0;0;0;0;0;1;0;0;0;0;0;0;0;0;0;0;0.723122;11165.38325;0.006931;2004.771841;3.459792;24030.4712;0.104068;2134.262819;0.20511;91969.47113;0.000953;2143.114683;1;1;1;1;1
1;114;0;1;1;0.1435;0;0;23;1;1;1;1;1;1;0.0107;0;1;1;0;0;0;1;0;0;0;43;0;0;12;0;0;5;0;0;0;0;0;0;0;0;0;1;0;0;0;0;0;0;1;1;0;0;0.032605;20023.93887;16.244252;57260.93415;5.147888;278911.0165;0.081606;126024.5751;0.213382;391241.0227;1;1;0;1;1
1;36;1;1;1;0.2135;0;1;23;1;1;1;1;1;1;0.0107;1;1;1;1;1;1;1;0;5;15;115;1;3;25;0;0;34;0;1;1;0;0;1;1;0;0;1;0;0;1;0;1;0;1;1;0.000141;2817.465142;0.032605;20023.93887;2.023634;35011.37522;5.147888;278911.0165;0.079333;71954.5047;0.213382;391241.0227;1;1;1;1;1
1;26;0;1;1;0.1058;0;0;23;1;1;1;1;1;1;0.0107;0;1;1;0;0;0;1;0;0;0;92;0;0;14;0;0;20;0;0;0;0;0;0;0;0;0;1;0;0;0;0;0;0;1;1;0;0;0.032605;20023.93887;22.049491;50254.39348;5.147888;278911.0165;3.770542;404892.1513;0.213382;391241.0227;1;1;1;1;1
1;72;1;1;1;0.1567;0;0;23;1;1;1;1;1;1;0.0107;1;1;1;1;1;1;1;0;9;24;82;4;1;9;1;5;26;0;1;1;0;0;0;1;0;0;1;1;0;1;1;1;1;1;1;0.048112;62384.57186;0.032605;20023.93887;4.294762;996999.4336;5.147888;278911.0165;2.03794;542579.0695;0.213382;391241.0227;1;1;1;1;1
1;37;1;1;1;0.2926;0;0;23;1;1;1;1;1;1;0.0107;1;1;1;1;0;0;1;0;0;0;21;0;0;4;0;0;0;0;0;0;0;0;0;0;0;0;0;1;0;0;0;0;0;1;1;2.410452;26300.88135;0.032605;20023.93887;134.672088;401923.7896;5.147888;278911.0165;2.871288;1287261.481;0.213382;391241.0227;1;1;1;1;1
1;2;1;1;1;0.0695;0;0;36;1;1;1;1;1;1;0.2135;1;1;1;1;0;1;0;0;0;1;0;0;0;0;0;0;0;0;0;0;0;0;0;1;0;0;0;0;0;0;0;0;0;0;0;0.000001;0;0.000141;2817.465142;1.437343;14270.8358;2.023634;35011.37522;0.003821;36375.51264;0.079333;71954.5047;1;0;1;1;1
1;114;0;1;1;0.1435;0;0;36;1;1;1;1;1;1;0.2135;0;1;1;0;0;0;1;0;0;0;29;0;0;10;0;0;4;0;0;0;0;0;0;0;0;0;1;0;0;0;0;0;0;1;1;0;0;0.000141;2817.465142;16.244252;57260.93415;2.023634;35011.37522;0.081606;126024.5751;0.079333;71954.5047;1;1;0;1;1
1;115;1;1;1;0.2971;0;0;36;1;1;1;1;1;1;0.2135;1;1;1;1;0;0;1;0;0;0;31;0;0;4;0;0;4;0;0;0;0;0;0;0;0;0;0;0;1;0;0;0;0;1;1;0.184184;22018.13763;0.000141;2817.465142;130.857201;333991.4556;2.023634;35011.37522;2.64786;1098316.382;0.079333;71954.5047;1;1;1;1;1
1;23;1;1;1;0.0107;0;1;36;1;1;1;1;1;1;0.2135;1;1;1;1;1;1;1;0;5;15;115;1;3;25;0;0;34;0;1;1;0;0;1;1;0;0;0;1;0;1;0;1;0;1;1;0.032605;20023.93887;0.000141;2817.465142;5.147888;278911.0165;2.023634;35011.37522;0.213382;391241.0227;0.079333;71954.5047;1;1;1;1;1
1;212;1;1;1;0.4201;0;0;36;1;1;1;1;1;1;0.2135;1;1;1;1;0;0;1;0;0;0;35;0;0;0;0;0;4;0;0;0;0;0;0;0;0;0;0;0;1;0;0;0;0;1;1;0.000535;1515.066759;0.000141;2817.465142;1.938789;48363.48686;2.023634;35011.37522;0.529235;239858.5312;0.079333;71954.5047;1;1;1;1;1
1;25;1;1;1;0.3804;0;0;36;1;1;1;1;1;1;0.2135;1;1;1;1;0;0;1;0;0;0;27;0;0;6;0;0;3;0;0;0;0;0;0;0;0;0;0;0;1;0;0;0;0;1;1;0.000577;64.476284;0.000141;2817.465142;40.056427;105318.1388;2.023634;35011.37522;14.3138;1281551.44;0.079333;71954.5047;1;1;1;1;1
1;72;1;1;1;0.1567;0;0;36;1;1;1;1;1;1;0.2135;1;1;1;1;1;0;1;0;3;0;60;1;0;7;0;0;17;0;1;0;0;0;0;0;0;0;1;1;0;1;1;0;0;1;1;0.048112;62384.57186;0.000141;2817.465142;4.294762;996999.4336;2.023634;35011.37522;2.03794;542579.0695;0.079333;71954.5047;1;1;1;1;1
1;37;1;1;1;0.2926;0;0;36;1;1;1;1;1;1;0.2135;1;1;1;1;0;0;1;0;0;0;21;0;0;1;0;0;1;0;0;0;0;0;0;0;0;0;0;1;0;0;0;0;0;1;1;2.410452;26300.88135;0.000141;2817.465142;134.672088;401923.7896;2.023634;35011.37522;2.871288;1287261.481;0.079333;71954.5047;1;1;1;1;1
1;221;1;1;1;0.251;0;0;196;1;1;1;1;0;1;0.2199;1;1;1;1;0;0;1;0;0;0;16;0;0;5;0;0;1;0;0;0;0;0;0;0;0;0;0;1;0;0;0;0;0;1;1;1.582649;19243.59186;0.000001;0;19.843666;34622.83584;1.167222;30330.08279;0.817987;215443.1742;0.539564;140664.3919;1;1;1;1;1
1;221;1;1;1;0.251;0;0;220;0;1;1;1;0;0;0;0;1;1;0;0;0;1;0;0;0;17;0;0;3;0;0;2;0;0;0;0;0;0;0;0;0;0;1;1;0;0;0;0;1;1;1.582649;19243.59186;0;0;19.843666;34622.83584;6.890054;4086.127135;0.817987;215443.1742;0.411088;177848.8753;1;1;1;1;1
1;25;1;1;1;0.3804;0;0;220;0;1;1;1;0;0;0;0;1;1;0;0;0;1;0;0;0;69;0;0;15;0;0;9;0;0;0;0;0;0;0;0;0;0;1;1;0;0;0;0;1;1;0.000577;64.476284;0;0;40.056427;105318.1388;6.890054;4086.127135;14.3138;1281551.44;0.411088;177848.8753;1;1;1;1;1
1;221;1;1;1;0.251;0;0;8;1;1;1;1;0;0;0;1;1;1;1;0;0;1;0;0;0;19;0;0;5;0;0;5;0;0;0;0;0;0;0;0;0;0;1;1;0;0;0;0;1;0;1.582649;19243.59186;0.000461;1190;19.843666;34622.83584;4.913811;4164.090012;0.817987;215443.1742;0.055864;51200.13042;1;1;1;1;1
1;23;1;1;1;0.0107;0;1;239;0;1;1;1;0;0;0;0;1;1;0;0;1;0;0;0;1;0;0;0;0;0;0;0;0;0;0;0;1;0;0;0;0;0;0;0;0;0;0;0;0;0;0.032605;20023.93887;0;0;5.147888;278911.0165;0.000179;2382.119037;0.213382;391241.0227;0.000103;189.524031;1;1;1;1;1
1;40;1;1;1;0.0896;0;1;54;1;1;1;0;1;0;0;1;1;1;1;0;1;1;0;0;1;23;0;0;2;0;0;5;0;0;1;0;0;0;1;0;0;0;1;0;0;0;0;0;1;1;0.000031;431.695785;0.000008;25.949723;1.343118;2539.325414;0.108306;91.48035;0.010484;80542.94081;0.007896;9455.54113;1;1;1;1;1
1;62;1;1;1;0.0962;0;1;13;1;1;1;1;0;0;0;1;1;1;1;0;0;1;0;0;0;17;0;0;9;0;0;4;0;0;0;0;0;0;0;0;0;1;0;0;0;0;0;0;1;0;0.217898;24527.1748;0.001371;7745.244079;8.137781;51550.04317;0.668514;195725.6435;0.009968;121479.0753;0.942425;284291.8298;1;1;1;1;1
1;96;0;1;1;0.0989;0;0;63;1;1;1;1;0;1;0.0225;0;1;1;0;0;0;1;0;0;0;36;0;0;10;0;0;5;0;0;0;0;0;0;1;0;0;1;1;0;0;0;0;0;1;1;0;0;0.00065;12628.53075;0.000035;0;2.371876;40339.09798;0.004279;9570.114402;0.014865;15137.85004;1;1;1;1;1
1;27;0;1;1;0.0581;0;0;63;1;1;1;1;0;1;0.0225;0;1;1;0;0;0;1;0;0;0;22;0;0;6;0;0;3;0;0;0;0;0;0;0;0;0;0;1;0;0;0;0;0;1;1;0;0;0.00065;12628.53075;0.007034;0.563147;2.371876;40339.09798;0.220252;37360.07752;0.014865;15137.85004;1;1;1;1;1
1;72;1;1;1;0.1567;0;0;63;1;1;1;1;0;1;0.0225;1;1;1;1;0;1;0;0;0;4;0;0;1;0;0;1;0;0;0;1;0;0;0;1;0;0;0;0;0;0;0;1;0;0;0;0.048112;62384.57186;0.00065;12628.53075;4.294762;996999.4336;2.371876;40339.09798;2.03794;542579.0695;0.014865;15137.85004;1;1;1;1;1
1;23;1;1;1;0.0107;0;1;128;1;1;1;1;0;0;0;1;1;1;1;0;0;1;0;0;0;26;0;0;8;0;0;5;0;0;0;0;0;0;0;0;0;0;1;0;0;0;0;0;1;1;0.032605;20023.93887;0.00014;411.58335;5.147888;278911.0165;8.600826;73839.38001;0.213382;391241.0227;0.097524;99079.27818;1;1;1;1;1
1;195;1;1;1;1;0;0;128;1;1;1;1;0;0;0;1;1;1;1;0;0;0;1;0;0;0;0;0;0;0;0;0;0;0;0;1;0;0;0;1;0;0;0;0;0;0;0;0;0;0;0.000207;325.314912;0.00014;411.58335;5.822308;17335.03796;8.600826;73839.38001;0.001414;3862.336133;0.097524;99079.27818;1;0;1;1;1
1;99;1;1;1;0.1981;0;0;128;1;1;1;1;0;0;0;1;1;1;1;0;1;0;0;0;1;0;0;0;0;0;1;0;0;1;0;0;1;1;0;0;0;0;0;0;0;0;0;0;0;0;0.009408;5862.61234;0.00014;411.58335;8.730613;47478.22601;8.600826;73839.38001;0.980843;74640.92864;0.097524;99079.27818;1;0;1;1;1
1;37;1;1;1;0.2926;0;0;128;1;1;1;1;0;0;0;1;1;1;1;0;0;1;0;0;0;14;0;0;3;0;0;1;0;0;0;0;0;0;0;0;0;1;0;0;0;0;0;0;1;1;2.410452;26300.88135;0.00014;411.58335;134.672088;401923.7896;8.600826;73839.38001;2.871288;1287261.481;0.097524;99079.27818;1;1;1;1;1
1;218;1;1;1;0.0129;0;0;128;1;1;1;1;0;0;0;1;1;1;1;0;0;1;0;0;0;6;0;0;0;0;0;0;0;0;0;0;0;0;0;0;0;0;1;0;0;0;0;0;0;0;0.000251;1134.072656;0.00014;411.58335;14.047876;3749.91928;8.600826;73839.38001;0.013428;5930.321498;0.097524;99079.27818;1;1;1;1;1
1;37;1;1;1;0.2926;0;0;58;1;1;1;1;0;0;0;1;1;1;1;0;0;0;1;0;0;0;0;0;0;0;0;0;0;0;0;0;0;1;0;0;0;0;0;0;0;0;0;0;0;0;2.410452;26300.88135;0.102449;3547.075743;134.672088;401923.7896;0.084908;23063.78928;2.871288;1287261.481;0.000821;4138.473145;1;1;1;1;1
1;96;0;1;1;0.0989;0;0;82;1;1;1;1;1;0;0;0;1;1;0;0;0;1;0;0;0;19;0;0;1;0;0;3;0;0;0;0;0;0;0;0;0;0;1;0;0;0;0;0;1;1;0;0;0.000113;449.284023;0.000035;0;3.507607;5646.817157;0.004279;9570.114402;0.023628;31057.69387;1;1;1;1;1
1;27;0;1;1;0.0581;0;0;82;1;1;1;1;1;0;0;0;1;1;0;0;0;1;0;0;0;21;0;0;4;0;0;4;0;0;0;0;0;0;1;0;0;0;1;0;0;0;0;0;1;1;0;0;0.000113;449.284023;0.007034;0.563147;3.507607;5646.817157;0.220252;37360.07752;0.023628;31057.69387;1;1;1;1;1
1;32;1;1;1;0.0293;0;1;82;1;1;1;1;1;0;0;1;1;1;1;0;0;1;0;0;0;12;0;0;4;0;0;1;0;0;0;0;0;0;0;0;0;1;0;0;0;0;0;0;1;1;0.048995;14008.53255;0.000113;449.284023;5.827592;86734.95195;3.507607;5646.817157;0.224211;84013.94301;0.023628;31057.69387;1;1;1;1;1
1;72;1;1;1;0.1567;0;0;82;1;1;1;1;1;0;0;1;1;1;1;0;1;1;0;0;3;44;0;0;6;0;1;7;0;0;0;0;0;1;0;0;0;1;0;0;0;0;0;0;1;1;0.048112;62384.57186;0.000113;449.284023;4.294762;996999.4336;3.507607;5646.817157;2.03794;542579.0695;0.023628;31057.69387;1;1;1;1;1
1;96;0;1;1;0.0989;0;0;56;1;1;1;1;0;0;0;0;1;1;0;0;0;1;0;0;0;21;0;0;6;0;0;4;0;0;0;0;0;0;0;0;0;0;1;0;0;0;0;0;1;1;0;0;0.000029;1328.144006;0.000035;0;2.846163;6183.362211;0.004279;9570.114402;0.107212;73659.33243;1;1;1;1;1
1;25;1;1;1;0.3804;0;0;56;1;1;1;1;0;0;0;1;1;1;1;0;0;1;0;0;0;21;0;0;6;0;0;6;0;0;0;0;0;0;0;0;0;0;1;0;0;0;0;0;1;1;0.000577;64.476284;0.000029;1328.144006;40.056427;105318.1388;2.846163;6183.362211;14.3138;1281551.44;0.107212;73659.33243;1;1;1;1;1
1;27;0;1;1;0.0581;0;0;56;1;1;1;1;0;0;0;0;1;1;0;0;0;1;0;0;0;50;0;0;10;0;0;4;0;0;0;0;0;0;1;0;0;0;1;1;0;0;0;0;1;1;0;0;0.000029;1328.144006;0.007034;0.563147;2.846163;6183.362211;0.220252;37360.07752;0.107212;73659.33243;1;1;1;1;1
1;72;1;1;1;0.1567;0;0;56;1;1;1;1;0;0;0;1;1;1;1;0;1;1;0;0;11;59;0;1;8;0;6;7;0;0;0;0;0;1;0;0;0;1;0;0;0;0;1;1;1;1;0.048112;62384.57186;0.000029;1328.144006;4.294762;996999.4336;2.846163;6183.362211;2.03794;542579.0695;0.107212;73659.33243;1;1;1;1;1
1;101;1;1;1;0.0814;0;0;107;0;0;1;1;0;0;0;0;0;1;0;0;0;1;0;0;0;10;0;0;3;0;0;0;0;0;0;0;0;0;0;0;0;1;0;0;0;0;0;0;1;0;0.048468;393.420513;0;0;14.957761;4755.872824;0;0;0.181938;121892.36;0.36748;16437.18502;1;1;1;1;1
1;29;1;1;1;0.083;0;0;107;0;0;1;1;0;0;0;0;0;1;0;0;0;1;0;0;0;8;0;0;0;0;0;0;0;0;0;0;0;0;0;0;0;1;0;0;0;0;0;0;1;0;0.000001;0;0;0;0.000102;0;0;0;0.033024;90264.87568;0.36748;16437.18502;1;1;1;1;1
1;37;1;1;1;0.2926;0;0;107;0;0;1;1;0;0;0;0;0;1;0;0;0;1;0;0;0;24;0;0;5;0;0;5;0;0;0;0;0;0;0;0;0;1;0;0;0;0;0;0;1;0;2.410452;26300.88135;0;0;134.672088;401923.7896;0;0;2.871288;1287261.481;0.36748;16437.18502;1;1;1;1;1
1;23;1;1;1;0.0107;0;1;79;1;1;1;0;1;0;0;1;1;1;1;0;0;1;0;0;0;28;0;0;6;0;0;3;0;0;0;0;0;0;0;0;0;1;0;0;0;0;0;0;1;1;0.032605;20023.93887;0.000006;0;5.147888;278911.0165;42.414389;5206.897276;0.213382;391241.0227;0.563969;92345.92147;1;1;1;1;1
1;52;1;1;1;0.0144;0;1;79;1;1;1;0;1;0;0;1;1;1;1;0;0;1;0;0;0;15;0;0;2;0;0;2;0;0;0;0;0;0;0;0;0;1;0;0;0;0;0;0;1;0;0.000056;89.771816;0.000006;0;5.151793;21444.15799;42.414389;5206.897276;0.411088;27729.09211;0.563969;92345.92147;1;1;1;1;1
1;50;0;1;1;0.0167;0;0;79;1;1;1;0;1;0;0;0;1;1;0;0;0;1;0;0;0;14;0;0;2;0;0;2;0;0;0;0;0;0;0;0;1;0;0;0;0;0;0;0;1;0;0;0;0.000006;0;4.210047;19227.68262;42.414389;5206.897276;0.925258;52776.50728;0.563969;92345.92147;1;1;1;1;1
1;72;1;1;1;0.1567;0;0;79;1;1;1;0;1;0;0;1;1;1;1;0;0;1;0;0;0;53;0;0;14;0;0;7;0;0;0;0;0;0;0;0;0;1;1;0;0;0;0;0;1;1;0.048112;62384.57186;0.000006;0;4.294762;996999.4336;42.414389;5206.897276;2.03794;542579.0695;0.563969;92345.92147;1;1;1;1;1
1;260;0;1;1;0.0499;0;0;22;1;1;1;1;0;0;0;0;1;1;0;0;0;0;1;0;0;0;0;0;0;0;0;0;0;0;0;0;0;1;0;0;0;0;0;0;0;0;0;0;0;0;0;0;0.300277;6504.604944;31.696093;13372.05492;24.845034;307930.868;0.204208;101158.5642;1.719448;104769.6459;1;1;1;1;0
1;90;0;0;1;0.5921;0;0;22;1;1;1;1;0;0;0;0;0;1;0;0;0;0;1;0;0;0;0;0;0;0;0;0;0;0;0;0;0;0;0;0;0;0;1;0;0;0;0;0;0;0;0;0;0.300277;6504.604944;0;0;24.845034;307930.868;0.000143;1205.665692;1.719448;104769.6459;1;0;0;0;0
1;225;0;0;1;0.3721;0;0;22;1;1;1;1;0;0;0;0;0;1;0;0;0;0;1;0;0;0;0;0;0;0;0;0;0;0;0;0;0;0;0;0;0;0;1;0;0;0;0;0;0;0;0;0;0.300277;6504.604944;0;0;24.845034;307930.868;0.019536;46167.80569;1.719448;104769.6459;1;0;0;0;0
1;204;1;1;1;0.1407;0;0;62;1;1;1;1;0;1;0.0962;1;1;1;1;0;0;1;0;0;0;4;0;0;0;0;0;1;0;0;0;0;0;0;0;0;0;0;1;0;0;0;0;0;1;0;0.003745;726.334496;0.217898;24527.1748;0.13008;603.02302;8.137781;51550.04317;0.167315;40590.79362;0.009968;121479.0753;1;0;1;0;0
1;260;0;1;1;0.0499;0;0;62;1;1;1;1;0;1;0.0962;0;1;1;0;0;0;1;0;0;0;10;0;0;0;0;0;0;0;0;0;0;0;0;0;0;0;0;1;0;0;0;0;0;1;0;0;0;0.217898;24527.1748;31.696093;13372.05492;8.137781;51550.04317;0.204208;101158.5642;0.009968;121479.0753;1;1;1;1;0
1;113;0;1;1;0.0604;0;0;62;1;1;1;1;0;1;0.0962;0;1;1;0;0;0;1;0;0;0;2;0;0;0;0;0;0;0;0;0;0;0;0;0;0;0;0;1;0;0;0;0;0;0;1;0;0;0.217898;24527.1748;0.416738;232.476934;8.137781;51550.04317;0.000775;3456.523495;0.009968;121479.0753;0;0;0;0;0
1;10;0;0;1;0.411;0;0;177;1;1;1;1;0;0;0;0;0;1;0;0;0;1;0;0;0;6;0;0;1;0;0;0;0;0;0;0;0;0;0;0;1;0;0;0;0;0;0;0;1;0;0;0;0.000101;241.087343;0;0;62.859935;13201.72939;0;0;0.03038;35918.60171;1;0;0;0;0
1;173;0;0;1;0.1202;0;0;78;1;1;1;0;1;1;0.027;0;0;1;0;0;0;0;1;0;0;0;0;0;0;0;0;0;0;0;0;0;0;0;0;0;0;0;1;0;0;0;0;0;0;0;0;0;0.000013;8.005083;0;0;0.229134;790.841148;0.086701;144284.8318;0.001291;1238.811485;1;1;1;0;0
1;44;1;1;1;0.6334;0;0;69;1;1;1;1;0;0;0;1;1;1;1;0;0;1;0;0;0;6;0;0;1;0;0;3;0;0;0;0;0;0;0;0;0;0;1;0;0;0;0;0;1;0;0.21689;263.280683;0.011566;1201.082457;0.536756;410.33571;110.101313;21050.30164;0.012231;33599.56206;0.600493;94610.49431;1;1;1;1;0
1;92;0;1;1;0.3268;0;0;69;1;1;1;1;0;0;0;0;1;1;0;0;0;1;0;0;0;11;0;0;6;0;0;0;0;0;0;0;0;0;0;0;0;0;1;0;0;0;0;0;1;0;0;0;0.011566;1201.082457;3.330778;41788.13941;110.101313;21050.30164;0.903379;400223.9256;0.600493;94610.49431;0;0;0;0;0
1;176;1;1;1;0.0694;0;0;23;1;1;1;1;1;1;0.0107;1;1;1;1;0;0;1;0;0;0;3;0;0;1;0;0;0;0;0;0;0;0;0;0;0;0;0;1;0;0;0;0;0;0;0;0.005426;2367.72307;0.032605;20023.93887;3.631741;7818.531033;5.147888;278911.0165;0.016129;6452.252505;0.213382;391241.0227;1;0;1;0;0
1;258;0;1;1;0.0313;0;0;23;1;1;1;1;1;1;0.0107;0;1;1;0;0;1;1;0;0;1;2;0;0;1;0;1;1;0;0;0;0;1;0;0;0;0;0;1;0;0;0;0;0;0;0;0;0;0.032605;20023.93887;0.546366;0;5.147888;278911.0165;0.004128;29049.2171;0.213382;391241.0227;0;0;0;0;0
1;159;1;1;1;1;0;0;23;1;1;1;1;1;1;0.0107;1;1;1;1;0;0;0;1;0;0;0;0;0;0;0;0;0;0;0;0;0;0;1;0;0;0;0;0;0;0;0;0;0;0;0;0;0;0.032605;20023.93887;0.000007;0;5.147888;278911.0165;0.000032;564.371019;0.213382;391241.0227;1;0;1;0;0
1;171;0;1;1;0.3687;0;0;23;1;1;1;1;1;1;0.0107;0;1;1;0;0;0;1;0;0;0;10;0;0;0;0;0;4;0;0;0;0;0;0;0;0;0;1;1;0;0;0;0;0;0;0;0;0;0.032605;20023.93887;0.003035;2141.881463;5.147888;278911.0165;0.036307;24960.0693;0.213382;391241.0227;1;0;0;0;0
1;171;0;1;1;0.3687;0;0;67;0;1;1;1;0;0;0;0;1;1;0;0;0;1;0;0;0;7;0;0;0;0;0;0;0;0;0;0;0;0;0;0;0;1;0;0;0;0;0;0;0;0;0;0;0;0;0.003035;2141.881463;7.426886;26234.10864;0.036307;24960.0693;0.029301;27132.2124;1;0;0;0;0
1;171;0;1;1;0.3687;0;0;97;1;1;1;1;0;0;0;0;1;1;0;0;0;1;0;0;0;7;0;0;0;0;0;0;0;0;0;0;0;0;0;0;0;1;0;0;0;0;0;0;0;0;0;0;4.783907;2643.475173;0.003035;2141.881463;1.796927;25984.10642;0.036307;24960.0693;0.032311;26106.96777;1;0;0;0;0
1;171;0;1;1;0.3687;0;0;98;1;1;1;1;0;0;0;0;1;1;0;0;0;1;0;0;0;7;0;0;0;0;0;4;0;0;0;0;0;0;0;0;0;1;0;0;0;0;0;0;0;0;0;0;0.000103;275.631997;0.003035;2141.881463;0.258422;1349.048874;0.036307;24960.0693;0.027517;11546.53622;1;0;0;0;0
1;171;0;1;1;0.3687;0;0;89;0;1;1;1;0;0;0;0;1;1;0;0;0;1;0;0;0;3;0;0;0;0;0;0;0;0;0;0;0;0;0;0;0;1;0;0;0;0;0;0;0;0;0;0;0;0;0.003035;2141.881463;4.153857;37.129494;0.036307;24960.0693;0.01371;7157.817077;1;0;0;0;0
1;171;0;1;1;0.3687;0;0;116;1;1;1;1;0;1;0.0271;0;1;1;0;0;0;1;0;0;0;3;0;0;0;0;0;0;0;0;0;0;0;0;0;0;0;1;0;0;0;0;0;0;0;0;0;0;0.000004;0;0.003035;2141.881463;0.001278;25026.3772;0.036307;24960.0693;0.009829;4048.892016;1;0;0;0;0
1;93;0;1;1;0.0301;0;0;196;1;1;1;1;0;1;0.2199;0;1;1;0;0;0;1;0;0;0;7;0;0;1;0;0;0;0;0;0;0;0;0;0;0;0;1;0;0;0;0;0;0;1;0;0;0;0.000001;0;6.067135;6914.054152;1.167222;30330.08279;0.003272;4614.676464;0.539564;140664.3919;1;0;1;1;0
1;260;0;1;1;0.0499;0;0;196;1;1;1;1;0;1;0.2199;0;1;1;0;0;0;1;0;0;0;9;0;0;0;0;0;1;0;0;0;0;0;0;0;0;0;1;0;0;0;0;0;0;1;0;0;0;0.000001;0;31.696093;13372.05492;1.167222;30330.08279;0.204208;101158.5642;0.539564;140664.3919;1;1;1;1;0
1;138;0;1;1;0.0529;0;0;196;1;1;1;1;0;1;0.2199;0;1;1;0;0;0;1;0;0;0;6;0;0;1;0;0;0;0;0;0;0;0;0;0;0;0;0;1;0;0;0;0;0;1;0;0;0;0.000001;0;0.051575;121.47956;1.167222;30330.08279;1.183183;32808.98626;0.539564;140664.3919;0;0;0;0;0
1;74;0;1;1;0.3028;0;0;196;1;1;1;1;0;1;0.2199;0;1;1;0;0;0;1;0;0;0;3;0;0;0;0;0;0;0;0;0;0;0;0;0;0;0;0;1;0;0;0;0;0;1;0;0;0;0.000001;0;1.604632;12505.47835;1.167222;30330.08279;0.675398;161089.8818;0.539564;140664.3919;1;0;0;0;0
1;92;0;1;1;0.3268;0;0;196;1;1;1;1;0;1;0.2199;0;1;1;0;0;0;1;0;0;0;15;0;0;5;0;0;4;0;0;0;0;0;0;0;0;0;0;1;0;0;0;0;0;1;0;0;0;0.000001;0;3.330778;41788.13941;1.167222;30330.08279;0.903379;400223.9256;0.539564;140664.3919;0;0;0;0;0
1;188;0;1;1;0.1105;0;0;220;0;1;1;1;0;0;0;0;1;1;0;0;0;1;0;0;0;7;0;0;1;0;0;0;0;0;0;0;0;0;0;0;0;1;0;0;0;0;0;0;1;0;0;0;0;0;9.429477;9962.000858;6.890054;4086.127135;0.005148;7971.496236;0.411088;177848.8753;1;0;0;0;0
1;165;0;1;1;0.2432;0;0;8;1;1;1;1;0;0;0;0;1;1;0;0;0;1;0;0;0;3;0;0;3;0;0;0;0;0;0;0;0;0;0;0;0;1;0;0;0;0;0;0;0;0;0;0;0.000461;1190;0.017606;4425.863018;4.913811;4164.090012;0.000001;0.838441;0.055864;51200.13042;1;0;1;1;0
1;204;1;1;1;0.1407;0;0;8;1;1;1;1;0;0;0;1;1;1;1;0;0;1;0;0;0;13;0;0;2;0;0;1;0;0;0;0;0;0;0;0;0;0;1;1;0;0;0;0;1;0;0.003745;726.334496;0.000461;1190;0.13008;603.02302;4.913811;4164.090012;0.167315;40590.79362;0.055864;51200.13042;1;0;1;0;0
1;260;0;1;1;0.0499;0;0;8;1;1;1;1;0;0;0;0;1;1;0;0;0;1;0;0;0;18;0;0;1;0;0;1;0;0;0;0;0;0;0;0;0;1;0;0;0;0;0;0;1;0;0;0;0.000461;1190;31.696093;13372.05492;4.913811;4164.090012;0.204208;101158.5642;0.055864;51200.13042;1;1;1;1;0
1;92;0;1;1;0.3268;0;0;8;1;1;1;1;0;0;0;0;1;1;0;0;0;1;0;0;0;24;0;0;4;0;0;1;0;0;0;0;0;0;0;0;0;0;1;1;0;0;0;0;1;0;0;0;0.000461;1190;3.330778;41788.13941;4.913811;4164.090012;0.903379;400223.9256;0.055864;51200.13042;0;0;0;0;0
1;173;0;0;1;0.1202;0;0;28;1;1;1;0;1;0;0;0;0;1;0;0;0;0;1;0;0;0;0;0;0;0;0;0;0;0;0;0;0;0;0;0;0;0;1;0;0;0;0;0;0;0;0;0;0.00004;93.782226;0;0;0.026531;6668.564124;0.086701;144284.8318;0.035437;28917.54922;1;1;1;0;0
1;92;0;1;1;0.3268;0;0;28;1;1;1;0;1;0;0;0;1;1;0;0;0;1;0;0;0;5;0;0;2;0;0;0;0;0;0;0;0;0;0;0;0;0;1;0;0;0;0;0;1;0;0;0;0.00004;93.782226;3.330778;41788.13941;0.026531;6668.564124;0.903379;400223.9256;0.035437;28917.54922;0;0;0;0;0
1;169;0;0;1;0.4792;0;0;28;1;1;1;0;1;0;0;0;0;1;0;0;0;0;1;0;0;0;0;0;0;0;0;0;0;0;0;0;0;0;0;0;0;0;1;0;0;0;0;0;0;0;0;0;0.00004;93.782226;0;0;0.026531;6668.564124;0.336092;10067.33047;0.035437;28917.54922;1;1;1;0;0
1;64;1;1;1;0.5502;0;0;40;1;1;1;0;1;1;0.0896;1;1;1;1;0;0;1;0;0;0;4;0;0;1;0;0;2;0;0;0;0;0;0;0;0;0;1;0;0;0;0;0;0;1;1;0.000053;931.230906;0.000031;431.695785;5.214142;3706.393474;1.343118;2539.325414;0.003197;4314.5228;0.010484;80542.94081;1;1;1;1;0
1;64;1;1;1;0.5502;0;0;13;1;1;1;1;0;0;0;1;1;1;1;0;0;1;0;0;0;42;0;0;5;0;0;5;0;0;0;0;0;0;0;0;0;1;0;0;0;0;0;0;1;1;0.000053;931.230906;0.001371;7745.244079;5.214142;3706.393474;0.668514;195725.6435;0.003197;4314.5228;0.942425;284291.8298;1;1;1;1;0
1;113;0;1;1;0.0604;0;0;13;1;1;1;1;0;0;0;0;1;1;0;0;0;1;0;0;0;6;0;0;1;0;0;1;0;0;0;0;0;0;0;0;1;1;0;0;0;0;0;0;1;1;0;0;0.001371;7745.244079;0.416738;232.476934;0.668514;195725.6435;0.000775;3456.523495;0.942425;284291.8298;0;0;0;0;0
1;171;0;1;1;0.3687;0;0;117;1;1;1;1;1;0;0;0;1;1;0;0;0;1;0;0;0;6;0;0;1;0;0;0;0;0;0;0;0;0;0;0;0;1;0;0;0;0;0;0;1;0;0;0;0.001182;251.598828;0.003035;2141.881463;1.202224;25468.33592;0.036307;24960.0693;0.020383;22724.7559;1;0;0;0;0
1;171;0;1;1;0.3687;0;0;63;1;1;1;1;0;1;0.0225;0;1;1;0;0;0;1;0;0;0;4;0;0;0;0;0;1;0;0;0;0;0;0;0;0;0;1;0;0;0;0;0;0;0;0;0;0;0.00065;12628.53075;0.003035;2141.881463;2.371876;40339.09798;0.036307;24960.0693;0.014865;15137.85004;1;0;0;0;0
1;171;0;1;1;0.3687;0;0;52;1;1;1;1;1;1;0.0144;0;1;1;0;0;0;1;0;0;0;3;0;0;0;0;0;0;0;0;0;0;0;0;0;0;0;1;0;0;0;0;0;0;0;0;0;0;0.000056;89.771816;0.003035;2141.881463;5.151793;21444.15799;0.036307;24960.0693;0.411088;27729.09211;1;0;0;0;0
1;173;0;0;1;0.1202;0;0;70;0;0;1;0;1;0;0;0;0;1;0;0;0;1;0;0;0;1;0;0;0;0;0;0;0;0;0;0;0;0;0;0;0;0;1;0;0;0;0;0;0;0;0;0;0;0;0;0;0;0;0.086701;144284.8318;0.000027;97.870884;1;1;1;0;0
1;203;1;1;1;0.0598;0;0;128;1;1;1;1;0;0;0;1;1;1;1;0;1;1;0;0;1;9;0;0;4;0;0;1;0;0;0;0;0;0;1;0;0;0;1;0;0;0;0;0;0;0;0;0;0.00014;411.58335;9.78476;9566.695066;8.600826;73839.38001;0.000277;717.425201;0.097524;99079.27818;1;0;0;0;0
1;171;0;1;1;0.3687;0;0;82;1;1;1;1;1;0;0;0;1;1;0;0;0;1;0;0;0;3;0;0;0;0;0;0;0;0;0;0;0;0;0;0;0;1;0;0;0;0;0;0;0;0;0;0;0.000113;449.284023;0.003035;2141.881463;3.507607;5646.817157;0.036307;24960.0693;0.023628;31057.69387;1;0;0;0;0
1;171;0;1;1;0.3687;0;0;56;1;1;1;1;0;0;0;0;1;1;0;0;0;1;0;0;0;3;0;0;0;0;0;0;0;0;0;0;0;0;0;0;0;1;0;0;0;0;0;0;0;0;0;0;0.000029;1328.144006;0.003035;2141.881463;2.846163;6183.362211;0.036307;24960.0693;0.107212;73659.33243;1;0;0;0;0
1;44;1;1;1;0.6334;0;0;1;0;1;1;1;0;0;0;0;1;1;0;0;0;0;1;0;0;0;0;0;0;0;0;0;0;0;0;0;0;0;0;0;0;0;1;0;0;0;0;0;0;0;0.21689;263.280683;0;0;0.536756;410.33571;4.027468;416.222215;0.012231;33599.56206;0.063186;44571.73732;1;1;1;1;0
1;73;0;1;1;0.125;0;0;107;0;0;1;1;0;0;0;0;0;1;0;0;0;1;0;0;0;6;0;0;3;0;0;0;0;0;0;0;0;0;0;0;0;1;0;0;0;0;0;0;1;0;0;0;0;0;13.072673;23568.85798;0;0;0.166133;35289.04023;0.36748;16437.18502;1;1;1;1;0
1;144;0;0;1;0.2073;0;0;107;0;0;1;1;0;0;0;0;0;1;0;0;0;1;0;0;0;32;0;0;7;0;0;4;0;0;0;0;0;0;0;0;0;1;0;0;0;0;0;0;1;0;0;0;0;0;0;0;0;0;0.090889;3520.439864;0.36748;16437.18502;1;0;0;0;0
1;203;1;1;1;0.0598;0;0;32;1;1;1;1;0;1;0.0293;1;1;1;1;0;0;0;1;0;0;0;0;0;0;0;0;0;0;0;1;0;0;0;0;0;0;0;0;0;0;0;0;0;0;0;0;0;0.048995;14008.53255;9.78476;9566.695066;5.827592;86734.95195;0.000277;717.425201;0.224211;84013.94301;1;0;0;0;0
1;204;1;1;1;0.1407;0;0;231;1;1;1;1;0;0;0;1;1;1;1;0;0;0;1;0;0;0;0;0;0;0;0;0;0;1;0;0;0;0;0;0;0;0;0;0;0;0;0;0;0;0;0.003745;726.334496;0.061147;15608.53974;0.13008;603.02302;17.261485;77403.49908;0.167315;40590.79362;0.016802;52490.07819;1;0;1;0;0
1;44;1;1;1;0.6334;0;0;5;0;1;1;0;1;0;0;0;1;1;0;0;0;0;1;0;0;0;0;0;0;0;0;0;0;0;0;0;0;0;0;0;0;0;1;0;0;0;0;0;0;0;0.21689;263.280683;0;0;0.536756;410.33571;0.004232;4161;0.012231;33599.56206;0.252387;12054.25912;1;1;1;1;0
1;152;0;0;1;0.2228;0;0;5;0;1;1;0;1;0;0;0;0;1;0;0;0;1;0;0;0;1;0;0;1;0;0;0;0;0;0;0;0;0;0;0;0;0;1;0;0;0;0;0;0;0;0;0;0;0;0;0;0.004232;4161;0.370094;17084.22182;0.252387;12054.25912;1;0;1;1;0
1;44;1;1;1;0.6334;0;0;79;1;1;1;0;1;0;0;1;1;1;1;0;0;1;0;0;0;7;0;0;1;0;0;1;0;0;0;0;0;0;0;0;0;0;1;0;0;0;0;0;1;0;0.21689;263.280683;0.000006;0;0.536756;410.33571;42.414389;5206.897276;0.012231;33599.56206;0.563969;92345.92147;1;1;1;1;0
